{
    "language": {
        "type": "en-US"
    },
    "strings": {
        "VERSION": "Ver ",
        "LOADING_PROTOCOL": "Loading Protocol...",
        "INITIALIZING": "Initializing...",
        "DETECTING_MODULE": "Detecting module...",
        "REGISTERING_NETWORK": "Waiting for network...",
        
        "ERROR": "Error",
        "PIN_ERROR": "Please insert SIM card",
        "REG_ERROR": "Unable to access network, please check SIM card status",

        "STANDBY": "Standby",
        "CONNECT_TO": "Connect to ",
        "CONNECTING": "Connecting...",
        "CONNECTION_SUCCESSFUL": "Connection Successful",
        "CONNECTED_TO": "Connected to ",

        "LISTENING": "Listening...",
        "SPEAKING": "Speaking...",

        "SERVER_NOT_FOUND": "Looking for available service",
        "SERVER_NOT_CONNECTED": "Unable to connect to service, please try again later",
        "SERVER_TIMEOUT": "Waiting for response timeout",
        "SERVER_ERROR": "Sending failed, please check the network",

        "CONNECT_TO_HOTSPOT": "Hotspot: ",
        "ACCESS_VIA_BROWSER": " Config URL: ",
        "WIFI_CONFIG_MODE": "Wi-Fi Configuration Mode",
        "ENTERING_WIFI_CONFIG_MODE": "Entering Wi-Fi configuration mode...",
        "SCANNING_WIFI": "Scanning Wi-Fi...",

        "NEW_VERSION": "New version ",
        "OTA_UPGRADE": "OTA Upgrade",
        "UPGRADING": "System is upgrading...",
        "UPGRADE_FAILED": "Upgrade failed",
        "ACTIVATION": "Activation"
    }
}